web-scraper-order,web-scraper-start-url,station-name-link,station-name-link-href,coordinates
1625310993-415,https://en.wikipedia.org/wiki/List_of_railway_stations_in_Melbourne,Batman,https://en.wikipedia.org/wiki/Batman_railway_station,37°44′01″S
1625310954-387,https://en.wikipedia.org/wiki/List_of_railway_stations_in_Melbourne,Broadmeadows,"https://en.wikipedia.org/wiki/Broadmeadows_railway_station,_Melbourne",37°40′58″S
1625310832-293,https://en.wikipedia.org/wiki/List_of_railway_stations_in_Melbourne,Gardenvale,https://en.wikipedia.org/wiki/Gardenvale_railway_station,37°53′48″S
1625310855-311,https://en.wikipedia.org/wiki/List_of_railway_stations_in_Melbourne,Fairfield,"https://en.wikipedia.org/wiki/Fairfield_railway_station,_Melbourne",37°46′45″S
1625310698-191,https://en.wikipedia.org/wiki/List_of_railway_stations_in_Melbourne,Merlynston,https://en.wikipedia.org/wiki/Merlynston_railway_station,37°43′15″S
1625310584-107,https://en.wikipedia.org/wiki/List_of_railway_stations_in_Melbourne,Riversdale,https://en.wikipedia.org/wiki/Riversdale_railway_station,37°49′53″S
1625310501-44,https://en.wikipedia.org/wiki/List_of_railway_stations_in_Melbourne,Tottenham,https://en.wikipedia.org/wiki/Tottenham_railway_station,144°51′48″E
1625310822-286,https://en.wikipedia.org/wiki/List_of_railway_stations_in_Melbourne,Glen Waverley,https://en.wikipedia.org/wiki/Glen_Waverley_railway_station,145°09′45″E
1625310700-194,https://en.wikipedia.org/wiki/List_of_railway_stations_in_Melbourne,Merinda Park,https://en.wikipedia.org/wiki/Merinda_Park_railway_station,145°15′51″E
1625310671-172,https://en.wikipedia.org/wiki/List_of_railway_stations_in_Melbourne,Moorabbin,https://en.wikipedia.org/wiki/Moorabbin_railway_station,145°02′12″E
1625310761-239,https://en.wikipedia.org/wiki/List_of_railway_stations_in_Melbourne,Hurstbridge,https://en.wikipedia.org/wiki/Hurstbridge_railway_station,37°38′21″S
1625310522-60,https://en.wikipedia.org/wiki/List_of_railway_stations_in_Melbourne,Sunshine,"https://en.wikipedia.org/wiki/Sunshine_railway_station,_Melbourne",144°49′57″E
1625310559-87,https://en.wikipedia.org/wiki/List_of_railway_stations_in_Melbourne,Seddon,https://en.wikipedia.org/wiki/Seddon_railway_station,37°48′32″S
1625310814-280,https://en.wikipedia.org/wiki/List_of_railway_stations_in_Melbourne,Glenhuntly,https://en.wikipedia.org/wiki/Glenhuntly_railway_station,145°02′32″E
1625310710-201,https://en.wikipedia.org/wiki/List_of_railway_stations_in_Melbourne,Malvern,"https://en.wikipedia.org/wiki/Malvern_railway_station,_Melbourne",37°51′59″S
1625310710-202,https://en.wikipedia.org/wiki/List_of_railway_stations_in_Melbourne,Malvern,"https://en.wikipedia.org/wiki/Malvern_railway_station,_Melbourne",145°01′44″E
1625310937-373,https://en.wikipedia.org/wiki/List_of_railway_stations_in_Melbourne,Carnegie,https://en.wikipedia.org/wiki/Carnegie_railway_station,37°53′11″S
1625310729-216,https://en.wikipedia.org/wiki/List_of_railway_stations_in_Melbourne,Lalor,https://en.wikipedia.org/wiki/Lalor_railway_station,145°01′02″E
1625311018-434,https://en.wikipedia.org/wiki/List_of_railway_stations_in_Melbourne,Alphington,https://en.wikipedia.org/wiki/Alphington_railway_station,145°01′53″E
1625310447-1,https://en.wikipedia.org/wiki/List_of_railway_stations_in_Melbourne,Yarraville,https://en.wikipedia.org/wiki/Yarraville_railway_station,37°48′59″S
1625310462-14,https://en.wikipedia.org/wiki/List_of_railway_stations_in_Melbourne,Williams Landing,https://en.wikipedia.org/wiki/Williams_Landing_railway_station,144°44′49″E
1625310853-309,https://en.wikipedia.org/wiki/List_of_railway_stations_in_Melbourne,Fawkner,https://en.wikipedia.org/wiki/Fawkner_railway_station,37°42′53″S
1625310542-76,https://en.wikipedia.org/wiki/List_of_railway_stations_in_Melbourne,Southern Cross,https://en.wikipedia.org/wiki/Southern_Cross_railway_station,144°57′09″E
1625311026-440,https://en.wikipedia.org/wiki/List_of_railway_stations_in_Melbourne,Aircraft,https://en.wikipedia.org/wiki/Aircraft_railway_station,144°45′39″E
1625310988-412,https://en.wikipedia.org/wiki/List_of_railway_stations_in_Melbourne,Bayswater,"https://en.wikipedia.org/wiki/Bayswater_railway_station,_Melbourne",145°16′05″E
1625310447-2,https://en.wikipedia.org/wiki/List_of_railway_stations_in_Melbourne,Yarraville,https://en.wikipedia.org/wiki/Yarraville_railway_station,144°53′23″E
1625310982-407,https://en.wikipedia.org/wiki/List_of_railway_stations_in_Melbourne,Belgrave,https://en.wikipedia.org/wiki/Belgrave_railway_station,37°54′33″S
1625310550-82,https://en.wikipedia.org/wiki/List_of_railway_stations_in_Melbourne,South Kensington,https://en.wikipedia.org/wiki/South_Kensington_railway_station,144°55′33″E
1625311015-432,https://en.wikipedia.org/wiki/List_of_railway_stations_in_Melbourne,Altona,https://en.wikipedia.org/wiki/Altona_railway_station,144°49′48″E
1625310606-122,https://en.wikipedia.org/wiki/List_of_railway_stations_in_Melbourne,Patterson,https://en.wikipedia.org/wiki/Patterson_railway_station,145°02′07″E
1625310881-331,https://en.wikipedia.org/wiki/List_of_railway_stations_in_Melbourne,Diggers Rest,https://en.wikipedia.org/wiki/Diggers_Rest_railway_station,37°37′37″S
1625310617-130,https://en.wikipedia.org/wiki/List_of_railway_stations_in_Melbourne,Pakenham,https://en.wikipedia.org/wiki/Pakenham_railway_station,145°29′09″E
1625310873-326,https://en.wikipedia.org/wiki/List_of_railway_stations_in_Melbourne,East Malvern,https://en.wikipedia.org/wiki/East_Malvern_railway_station,145°04′10″E
1625310494-38,https://en.wikipedia.org/wiki/List_of_railway_stations_in_Melbourne,Upper Ferntree Gully,https://en.wikipedia.org/wiki/Upper_Ferntree_Gully_railway_station,145°18′27″E
1625310845-304,https://en.wikipedia.org/wiki/List_of_railway_stations_in_Melbourne,Flemington Bridge,https://en.wikipedia.org/wiki/Flemington_Bridge_railway_station,144°56′22″E
1625310457-9,https://en.wikipedia.org/wiki/List_of_railway_stations_in_Melbourne,Williamstown Beach,https://en.wikipedia.org/wiki/Williamstown_Beach_railway_station,37°51′51″S
1625310785-258,https://en.wikipedia.org/wiki/List_of_railway_stations_in_Melbourne,Heatherdale,https://en.wikipedia.org/wiki/Heatherdale_railway_station,145°12′46″E
1625310920-362,https://en.wikipedia.org/wiki/List_of_railway_stations_in_Melbourne,Clayton,"https://en.wikipedia.org/wiki/Clayton_railway_station,_Melbourne",145°07′12″E
1625310904-349,https://en.wikipedia.org/wiki/List_of_railway_stations_in_Melbourne,Cranbourne,https://en.wikipedia.org/wiki/Cranbourne_railway_station,38°06′00″S
1625310485-31,https://en.wikipedia.org/wiki/List_of_railway_stations_in_Melbourne,Watergardens,https://en.wikipedia.org/wiki/Watergardens_railway_station,37°42′03″S
1625311026-439,https://en.wikipedia.org/wiki/List_of_railway_stations_in_Melbourne,Aircraft,https://en.wikipedia.org/wiki/Aircraft_railway_station,37°52′00″S
1625310915-358,https://en.wikipedia.org/wiki/List_of_railway_stations_in_Melbourne,Coburg,https://en.wikipedia.org/wiki/Coburg_railway_station,144°57′48″E
1625310991-413,https://en.wikipedia.org/wiki/List_of_railway_stations_in_Melbourne,Baxter,https://en.wikipedia.org/wiki/Baxter_railway_station,38°11′39″S
1625310582-106,https://en.wikipedia.org/wiki/List_of_railway_stations_in_Melbourne,Rosanna,https://en.wikipedia.org/wiki/Rosanna_railway_station,145°03′58″E
1625310835-296,https://en.wikipedia.org/wiki/List_of_railway_stations_in_Melbourne,Frankston,https://en.wikipedia.org/wiki/Frankston_railway_station,145°07′34″E
1625310524-62,https://en.wikipedia.org/wiki/List_of_railway_stations_in_Melbourne,Sunbury,"https://en.wikipedia.org/wiki/Sunbury_railway_station,_Melbourne",144°43′40″E
1625310596-114,https://en.wikipedia.org/wiki/List_of_railway_stations_in_Melbourne,Reservoir,https://en.wikipedia.org/wiki/Reservoir_railway_station,145°00′26″E
1625310530-66,https://en.wikipedia.org/wiki/List_of_railway_stations_in_Melbourne,Stony Point,https://en.wikipedia.org/wiki/Stony_Point_railway_station,145°13′18″E
1625310897-343,https://en.wikipedia.org/wiki/List_of_railway_stations_in_Melbourne,Croydon,"https://en.wikipedia.org/wiki/Croydon_railway_station,_Melbourne",37°47′43″S
1625310822-285,https://en.wikipedia.org/wiki/List_of_railway_stations_in_Melbourne,Glen Waverley,https://en.wikipedia.org/wiki/Glen_Waverley_railway_station,37°52′46″S
1625310468-18,https://en.wikipedia.org/wiki/List_of_railway_stations_in_Melbourne,Westgarth,https://en.wikipedia.org/wiki/Westgarth_railway_station,144°59′57″E
1625310599-115,https://en.wikipedia.org/wiki/List_of_railway_stations_in_Melbourne,Regent,https://en.wikipedia.org/wiki/Regent_railway_station,37°43′42″S
1625310648-153,https://en.wikipedia.org/wiki/List_of_railway_stations_in_Melbourne,Newport,"https://en.wikipedia.org/wiki/Newport_railway_station,_Melbourne",37°50′33″S
1625310876-328,https://en.wikipedia.org/wiki/List_of_railway_stations_in_Melbourne,East Camberwell,https://en.wikipedia.org/wiki/East_Camberwell_railway_station,145°04′06″E
1625310974-402,https://en.wikipedia.org/wiki/List_of_railway_stations_in_Melbourne,Berwick,"https://en.wikipedia.org/wiki/Berwick_railway_station,_Melbourne",145°20′42″E
1625310470-19,https://en.wikipedia.org/wiki/List_of_railway_stations_in_Melbourne,Westall,https://en.wikipedia.org/wiki/Westall_railway_station,37°56′18″S
1625310698-192,https://en.wikipedia.org/wiki/List_of_railway_stations_in_Melbourne,Merlynston,https://en.wikipedia.org/wiki/Merlynston_railway_station,144°57′41″E
1625310481-28,https://en.wikipedia.org/wiki/List_of_railway_stations_in_Melbourne,Wattle Glen,https://en.wikipedia.org/wiki/Wattle_Glen_railway_station,145°10′54″E
1625310457-10,https://en.wikipedia.org/wiki/List_of_railway_stations_in_Melbourne,Williamstown Beach,https://en.wikipedia.org/wiki/Williamstown_Beach_railway_station,144°53′40″E
1625310507-47,https://en.wikipedia.org/wiki/List_of_railway_stations_in_Melbourne,Toorak,https://en.wikipedia.org/wiki/Toorak_railway_station,37°51′04″S
1625310745-228,https://en.wikipedia.org/wiki/List_of_railway_stations_in_Melbourne,Kananook,https://en.wikipedia.org/wiki/Kananook_railway_station,145°08′07″E
1625310623-133,https://en.wikipedia.org/wiki/List_of_railway_stations_in_Melbourne,Officer,https://en.wikipedia.org/wiki/Officer_railway_station,38°03′58″S
1625310496-40,https://en.wikipedia.org/wiki/List_of_railway_stations_in_Melbourne,Upfield,https://en.wikipedia.org/wiki/Upfield_railway_station,144°56′48″E
1625310491-36,https://en.wikipedia.org/wiki/List_of_railway_stations_in_Melbourne,Upwey,"https://en.wikipedia.org/wiki/Upwey_railway_station,_Melbourne",145°19′53″E
1625310814-279,https://en.wikipedia.org/wiki/List_of_railway_stations_in_Melbourne,Glenhuntly,https://en.wikipedia.org/wiki/Glenhuntly_railway_station,37°53′24″S
1625310939-376,https://en.wikipedia.org/wiki/List_of_railway_stations_in_Melbourne,Cardinia Road,https://en.wikipedia.org/wiki/Cardinia_Road_railway_station,145°26′15″E
1625310767-243,https://en.wikipedia.org/wiki/List_of_railway_stations_in_Melbourne,Hughesdale,https://en.wikipedia.org/wiki/Hughesdale_railway_station,37°53′39″S
1625310732-218,https://en.wikipedia.org/wiki/List_of_railway_stations_in_Melbourne,Laburnum,https://en.wikipedia.org/wiki/Laburnum_railway_station,145°08′27″E
1625310491-35,https://en.wikipedia.org/wiki/List_of_railway_stations_in_Melbourne,Upwey,"https://en.wikipedia.org/wiki/Upwey_railway_station,_Melbourne",37°54′13″S
1625311009-427,https://en.wikipedia.org/wiki/List_of_railway_stations_in_Melbourne,Armadale,"https://en.wikipedia.org/wiki/Armadale_railway_station,_Melbourne",37°51′23″S
1625310759-238,https://en.wikipedia.org/wiki/List_of_railway_stations_in_Melbourne,Ivanhoe,"https://en.wikipedia.org/wiki/Ivanhoe_railway_station,_Melbourne",145°02′44″E
1625310488-33,https://en.wikipedia.org/wiki/List_of_railway_stations_in_Melbourne,Victoria Park,"https://en.wikipedia.org/wiki/Victoria_Park_railway_station,_Melbourne",37°47′57″S
1625310966-395,https://en.wikipedia.org/wiki/List_of_railway_stations_in_Melbourne,Bonbeach,https://en.wikipedia.org/wiki/Bonbeach_railway_station,38°03′46″S
1625310718-208,https://en.wikipedia.org/wiki/List_of_railway_stations_in_Melbourne,Lynbrook,https://en.wikipedia.org/wiki/Lynbrook_railway_station,145°14′58″E
1625310915-357,https://en.wikipedia.org/wiki/List_of_railway_stations_in_Melbourne,Coburg,https://en.wikipedia.org/wiki/Coburg_railway_station,37°44′32″S
1625310571-98,https://en.wikipedia.org/wiki/List_of_railway_stations_in_Melbourne,Ruthven,https://en.wikipedia.org/wiki/Ruthven_railway_station,145°00′34″E
1625310982-408,https://en.wikipedia.org/wiki/List_of_railway_stations_in_Melbourne,Belgrave,https://en.wikipedia.org/wiki/Belgrave_railway_station,145°21′19″E
1625310954-388,https://en.wikipedia.org/wiki/List_of_railway_stations_in_Melbourne,Broadmeadows,"https://en.wikipedia.org/wiki/Broadmeadows_railway_station,_Melbourne",144°55′11″E
1625310977-404,https://en.wikipedia.org/wiki/List_of_railway_stations_in_Melbourne,Bentleigh,https://en.wikipedia.org/wiki/Bentleigh_railway_station,145°02′13″E
1625310522-59,https://en.wikipedia.org/wiki/List_of_railway_stations_in_Melbourne,Sunshine,"https://en.wikipedia.org/wiki/Sunshine_railway_station,_Melbourne",37°47′17″S
1625310816-282,https://en.wikipedia.org/wiki/List_of_railway_stations_in_Melbourne,Glenferrie,https://en.wikipedia.org/wiki/Glenferrie_railway_station,145°02′12″E
1625310750-232,https://en.wikipedia.org/wiki/List_of_railway_stations_in_Melbourne,Jolimont,https://en.wikipedia.org/wiki/Jolimont_railway_station,144°58′58″E
1625310946-382,https://en.wikipedia.org/wiki/List_of_railway_stations_in_Melbourne,Burwood,"https://en.wikipedia.org/wiki/Burwood_railway_station,_Melbourne",145°04′50″E
1625310726-214,https://en.wikipedia.org/wiki/List_of_railway_stations_in_Melbourne,Laverton,"https://en.wikipedia.org/wiki/Laverton_railway_station,_Melbourne",144°46′20″E
1625310452-6,https://en.wikipedia.org/wiki/List_of_railway_stations_in_Melbourne,Windsor,"https://en.wikipedia.org/wiki/Windsor_railway_station,_Melbourne",144°59′31″E
1625310609-123,https://en.wikipedia.org/wiki/List_of_railway_stations_in_Melbourne,Pascoe Vale,https://en.wikipedia.org/wiki/Pascoe_Vale_railway_station,37°43′49″S
1625310650-156,https://en.wikipedia.org/wiki/List_of_railway_stations_in_Melbourne,Newmarket,"https://en.wikipedia.org/wiki/Newmarket_railway_station,_Melbourne",144°55′44″E
1625310889-337,https://en.wikipedia.org/wiki/List_of_railway_stations_in_Melbourne,Darling,https://en.wikipedia.org/wiki/Darling_railway_station,37°52′08″S
1625310606-121,https://en.wikipedia.org/wiki/List_of_railway_stations_in_Melbourne,Patterson,https://en.wikipedia.org/wiki/Patterson_railway_station,37°55′29″S
1625310556-85,https://en.wikipedia.org/wiki/List_of_railway_stations_in_Melbourne,Showgrounds,"https://en.wikipedia.org/wiki/Showgrounds_railway_station,_Melbourne",37°47′00″S
1625310527-64,https://en.wikipedia.org/wiki/List_of_railway_stations_in_Melbourne,Strathmore,https://en.wikipedia.org/wiki/Strathmore_railway_station,144°55′39″E
1625310478-25,https://en.wikipedia.org/wiki/List_of_railway_stations_in_Melbourne,Werribee,https://en.wikipedia.org/wiki/Werribee_railway_station,37°53′58″S
1625310450-3,https://en.wikipedia.org/wiki/List_of_railway_stations_in_Melbourne,Yarraman,https://en.wikipedia.org/wiki/Yarraman_railway_station,37°58′41″S
1625310876-327,https://en.wikipedia.org/wiki/List_of_railway_stations_in_Melbourne,East Camberwell,https://en.wikipedia.org/wiki/East_Camberwell_railway_station,37°49′33″S
1625310829-291,https://en.wikipedia.org/wiki/List_of_railway_stations_in_Melbourne,Gardiner,https://en.wikipedia.org/wiki/Gardiner_railway_station,37°51′12″S
1625310811-277,https://en.wikipedia.org/wiki/List_of_railway_stations_in_Melbourne,Glenroy,https://en.wikipedia.org/wiki/Glenroy_railway_station,37°42′17″S
1625310593-111,https://en.wikipedia.org/wiki/List_of_railway_stations_in_Melbourne,Richmond,"https://en.wikipedia.org/wiki/Richmond_railway_station,_Melbourne",37°49′25″S
1625311012-429,https://en.wikipedia.org/wiki/List_of_railway_stations_in_Melbourne,Anstey,https://en.wikipedia.org/wiki/Anstey_railway_station,37°45′40″S
1625310721-209,https://en.wikipedia.org/wiki/List_of_railway_stations_in_Melbourne,Lilydale,https://en.wikipedia.org/wiki/Lilydale_railway_station,37°45′20″S
1625310452-5,https://en.wikipedia.org/wiki/List_of_railway_stations_in_Melbourne,Windsor,"https://en.wikipedia.org/wiki/Windsor_railway_station,_Melbourne",37°51′22″S
1625310929-367,https://en.wikipedia.org/wiki/List_of_railway_stations_in_Melbourne,Chatham,"https://en.wikipedia.org/wiki/Chatham_railway_station,_Melbourne",37°49′27″S
1625310620-131,https://en.wikipedia.org/wiki/List_of_railway_stations_in_Melbourne,Ormond,https://en.wikipedia.org/wiki/Ormond_railway_station,37°54′12″S
1625310638-146,https://en.wikipedia.org/wiki/List_of_railway_stations_in_Melbourne,North Richmond,https://en.wikipedia.org/wiki/North_Richmond_railway_station,144°59′33″E
1625310871-324,https://en.wikipedia.org/wiki/List_of_railway_stations_in_Melbourne,East Richmond,"https://en.wikipedia.org/wiki/East_Richmond_railway_station,_Melbourne",144°59′47″E
1625310501-43,https://en.wikipedia.org/wiki/List_of_railway_stations_in_Melbourne,Tottenham,https://en.wikipedia.org/wiki/Tottenham_railway_station,37°47′57″S
1625310740-223,https://en.wikipedia.org/wiki/List_of_railway_stations_in_Melbourne,Kensington,"https://en.wikipedia.org/wiki/Kensington_railway_station,_Melbourne",37°47′38″S
1625310582-105,https://en.wikipedia.org/wiki/List_of_railway_stations_in_Melbourne,Rosanna,https://en.wikipedia.org/wiki/Rosanna_railway_station,37°44′34″S
1625310806-273,https://en.wikipedia.org/wiki/List_of_railway_stations_in_Melbourne,Greensborough,https://en.wikipedia.org/wiki/Greensborough_railway_station,37°42′14″S
1625310514-54,https://en.wikipedia.org/wiki/List_of_railway_stations_in_Melbourne,Tecoma,https://en.wikipedia.org/wiki/Tecoma_railway_station,145°20′35″E
1625310640-148,https://en.wikipedia.org/wiki/List_of_railway_stations_in_Melbourne,North Melbourne,https://en.wikipedia.org/wiki/North_Melbourne_railway_station,144°56′28″E
1625310793-264,https://en.wikipedia.org/wiki/List_of_railway_stations_in_Melbourne,Hawksburn,https://en.wikipedia.org/wiki/Hawksburn_railway_station,145°00′08″E
1625310656-160,https://en.wikipedia.org/wiki/List_of_railway_stations_in_Melbourne,Murrumbeena,https://en.wikipedia.org/wiki/Murrumbeena_railway_station,145°04′02″E
1625310653-157,https://en.wikipedia.org/wiki/List_of_railway_stations_in_Melbourne,Narre Warren,https://en.wikipedia.org/wiki/Narre_Warren_railway_station,38°01′40″S
1625310845-303,https://en.wikipedia.org/wiki/List_of_railway_stations_in_Melbourne,Flemington Bridge,https://en.wikipedia.org/wiki/Flemington_Bridge_railway_station,37°47′18″S
1625310465-15,https://en.wikipedia.org/wiki/List_of_railway_stations_in_Melbourne,Westona,https://en.wikipedia.org/wiki/Westona_railway_station,37°51′54″S
1625310704-195,https://en.wikipedia.org/wiki/List_of_railway_stations_in_Melbourne,Mentone,https://en.wikipedia.org/wiki/Mentone_railway_station,37°58′55″S
1625310917-359,https://en.wikipedia.org/wiki/List_of_railway_stations_in_Melbourne,Clifton Hill,https://en.wikipedia.org/wiki/Clifton_Hill_railway_station,37°47′19″S
1625310476-24,https://en.wikipedia.org/wiki/List_of_railway_stations_in_Melbourne,West Footscray,https://en.wikipedia.org/wiki/West_Footscray_railway_station,144°53′07″E
1625310850-307,https://en.wikipedia.org/wiki/List_of_railway_stations_in_Melbourne,Ferntree Gully,https://en.wikipedia.org/wiki/Ferntree_Gully_railway_station,37°52′54″S
1625310838-297,https://en.wikipedia.org/wiki/List_of_railway_stations_in_Melbourne,Footscray,https://en.wikipedia.org/wiki/Footscray_railway_station,37°48′06″S
1625310534-69,https://en.wikipedia.org/wiki/List_of_railway_stations_in_Melbourne,Springvale,https://en.wikipedia.org/wiki/Springvale_railway_station,37°56′58″S
1625310724-211,https://en.wikipedia.org/wiki/List_of_railway_stations_in_Melbourne,Leawarra,https://en.wikipedia.org/wiki/Leawarra_railway_station,38°09′07″S
1625311021-435,https://en.wikipedia.org/wiki/List_of_railway_stations_in_Melbourne,Albion,"https://en.wikipedia.org/wiki/Albion_railway_station,_Melbourne",37°46′38″S
1625310742-226,https://en.wikipedia.org/wiki/List_of_railway_stations_in_Melbourne,Keilor Plains,https://en.wikipedia.org/wiki/Keilor_Plains_railway_station,144°47′38″E
1625310902-347,https://en.wikipedia.org/wiki/List_of_railway_stations_in_Melbourne,Crib Point,https://en.wikipedia.org/wiki/Crib_Point_railway_station,38°21′58″S
1625310726-213,https://en.wikipedia.org/wiki/List_of_railway_stations_in_Melbourne,Laverton,"https://en.wikipedia.org/wiki/Laverton_railway_station,_Melbourne",37°51′50″S
1625310803-272,https://en.wikipedia.org/wiki/List_of_railway_stations_in_Melbourne,Hallam,https://en.wikipedia.org/wiki/Hallam_railway_station,145°16′13″E
1625310963-394,https://en.wikipedia.org/wiki/List_of_railway_stations_in_Melbourne,Boronia,https://en.wikipedia.org/wiki/Boronia_railway_station,145°17′04″E
1625310996-417,https://en.wikipedia.org/wiki/List_of_railway_stations_in_Melbourne,Balaclava,"https://en.wikipedia.org/wiki/Balaclava_railway_station,_Melbourne",37°52′10″S
1625311024-438,https://en.wikipedia.org/wiki/List_of_railway_stations_in_Melbourne,Alamein,https://en.wikipedia.org/wiki/Alamein_railway_station,145°04′47″E
1625310853-310,https://en.wikipedia.org/wiki/List_of_railway_stations_in_Melbourne,Fawkner,https://en.wikipedia.org/wiki/Fawkner_railway_station,144°57′38″E
1625310553-83,https://en.wikipedia.org/wiki/List_of_railway_stations_in_Melbourne,Somerville,https://en.wikipedia.org/wiki/Somerville_railway_station,38°13′31″S
1625310612-126,https://en.wikipedia.org/wiki/List_of_railway_stations_in_Melbourne,Parliament,https://en.wikipedia.org/wiki/Parliament_railway_station,144°58′23″E
1625310669-169,https://en.wikipedia.org/wiki/List_of_railway_stations_in_Melbourne,Mooroolbark,https://en.wikipedia.org/wiki/Mooroolbark_railway_station,37°47′05″S
1625310840-299,https://en.wikipedia.org/wiki/List_of_railway_stations_in_Melbourne,Flinders Street,https://en.wikipedia.org/wiki/Flinders_Street_railway_station,37°49′05″S
1625310690-185,https://en.wikipedia.org/wiki/List_of_railway_stations_in_Melbourne,Middle Brighton,https://en.wikipedia.org/wiki/Middle_Brighton_railway_station,37°54′54″S
1625310884-333,https://en.wikipedia.org/wiki/List_of_railway_stations_in_Melbourne,Diamond Creek,https://en.wikipedia.org/wiki/Diamond_Creek_railway_station,37°40′24″S
1625310713-203,https://en.wikipedia.org/wiki/List_of_railway_stations_in_Melbourne,Macleod,https://en.wikipedia.org/wiki/Macleod_railway_station,37°43′34″S
1625310537-72,https://en.wikipedia.org/wiki/List_of_railway_stations_in_Melbourne,Spotswood,https://en.wikipedia.org/wiki/Spotswood_railway_station,144°53′09″E
1625310897-344,https://en.wikipedia.org/wiki/List_of_railway_stations_in_Melbourne,Croydon,"https://en.wikipedia.org/wiki/Croydon_railway_station,_Melbourne",145°16′50″E
1625310902-348,https://en.wikipedia.org/wiki/List_of_railway_stations_in_Melbourne,Crib Point,https://en.wikipedia.org/wiki/Crib_Point_railway_station,145°12′15″E
1625310764-242,https://en.wikipedia.org/wiki/List_of_railway_stations_in_Melbourne,Huntingdale,https://en.wikipedia.org/wiki/Huntingdale_railway_station,145°06′09″E
1625310569-95,https://en.wikipedia.org/wiki/List_of_railway_stations_in_Melbourne,Sandown Park,"https://en.wikipedia.org/wiki/Sandown_Park_railway_station,_Melbourne",37°57′24″S
1625310695-189,https://en.wikipedia.org/wiki/List_of_railway_stations_in_Melbourne,Mernda,https://en.wikipedia.org/wiki/Mernda_railway_station,37°35′58″S
1625310865-320,https://en.wikipedia.org/wiki/List_of_railway_stations_in_Melbourne,Elsternwick,https://en.wikipedia.org/wiki/Elsternwick_railway_station,145°00′03″E
1625310666-167,https://en.wikipedia.org/wiki/List_of_railway_stations_in_Melbourne,Mordialloc,https://en.wikipedia.org/wiki/Mordialloc_railway_station,38°00′24″S
1625310650-155,https://en.wikipedia.org/wiki/List_of_railway_stations_in_Melbourne,Newmarket,"https://en.wikipedia.org/wiki/Newmarket_railway_station,_Melbourne",37°47′14″S
1625310631-139,https://en.wikipedia.org/wiki/List_of_railway_stations_in_Melbourne,Nunawading,https://en.wikipedia.org/wiki/Nunawading_railway_station,37°49′13″S
1625310952-386,https://en.wikipedia.org/wiki/List_of_railway_stations_in_Melbourne,Brunswick,"https://en.wikipedia.org/wiki/Brunswick_railway_station,_Melbourne",144°57′35″E
1625310693-188,https://en.wikipedia.org/wiki/List_of_railway_stations_in_Melbourne,Merri,https://en.wikipedia.org/wiki/Merri_railway_station,144°59′35″E
1625311021-436,https://en.wikipedia.org/wiki/List_of_railway_stations_in_Melbourne,Albion,"https://en.wikipedia.org/wiki/Albion_railway_station,_Melbourne",144°49′28″E
1625310782-256,https://en.wikipedia.org/wiki/List_of_railway_stations_in_Melbourne,Heathmont,https://en.wikipedia.org/wiki/Heathmont_railway_station,145°14′40″E
1625310966-396,https://en.wikipedia.org/wiki/List_of_railway_stations_in_Melbourne,Bonbeach,https://en.wikipedia.org/wiki/Bonbeach_railway_station,145°07′11″E
1625310889-338,https://en.wikipedia.org/wiki/List_of_railway_stations_in_Melbourne,Darling,https://en.wikipedia.org/wiki/Darling_railway_station,145°03′46″E
1625310826-289,https://en.wikipedia.org/wiki/List_of_railway_stations_in_Melbourne,Ginifer,https://en.wikipedia.org/wiki/Ginifer_railway_station,37°45′29″S
1625310917-360,https://en.wikipedia.org/wiki/List_of_railway_stations_in_Melbourne,Clifton Hill,https://en.wikipedia.org/wiki/Clifton_Hill_railway_station,144°59′43″E
1625310576-102,https://en.wikipedia.org/wiki/List_of_railway_stations_in_Melbourne,Royal Park,https://en.wikipedia.org/wiki/Royal_Park_railway_station,144°57′06″E
1625310734-219,https://en.wikipedia.org/wiki/List_of_railway_stations_in_Melbourne,Kooyong,https://en.wikipedia.org/wiki/Kooyong_railway_station,37°50′24″S
1625310842-302,https://en.wikipedia.org/wiki/List_of_railway_stations_in_Melbourne,Flemington Racecourse,https://en.wikipedia.org/wiki/Flemington_Racecourse_railway_station,144°54′24″E
1625310615-128,https://en.wikipedia.org/wiki/List_of_railway_stations_in_Melbourne,Parkdale,https://en.wikipedia.org/wiki/Parkdale_railway_station,145°04′34″E
1625310886-335,https://en.wikipedia.org/wiki/List_of_railway_stations_in_Melbourne,Dennis,https://en.wikipedia.org/wiki/Dennis_railway_station,37°46′45″S
1625310468-17,https://en.wikipedia.org/wiki/List_of_railway_stations_in_Melbourne,Westgarth,https://en.wikipedia.org/wiki/Westgarth_railway_station,37°46′51″S
1625310732-217,https://en.wikipedia.org/wiki/List_of_railway_stations_in_Melbourne,Laburnum,https://en.wikipedia.org/wiki/Laburnum_railway_station,37°49′15″S
1625310688-183,https://en.wikipedia.org/wiki/List_of_railway_stations_in_Melbourne,Middle Footscray,https://en.wikipedia.org/wiki/Middle_Footscray_railway_station,37°48′09″S
1625310633-141,https://en.wikipedia.org/wiki/List_of_railway_stations_in_Melbourne,Northcote,https://en.wikipedia.org/wiki/Northcote_railway_station,37°46′11″S
1625310753-234,https://en.wikipedia.org/wiki/List_of_railway_stations_in_Melbourne,Jewell,https://en.wikipedia.org/wiki/Jewell_railway_station,144°57′31″E
1625310517-55,https://en.wikipedia.org/wiki/List_of_railway_stations_in_Melbourne,Syndal,https://en.wikipedia.org/wiki/Syndal_railway_station,37°52′35″S
1625310571-97,https://en.wikipedia.org/wiki/List_of_railway_stations_in_Melbourne,Ruthven,https://en.wikipedia.org/wiki/Ruthven_railway_station,37°42′28″S
1625310724-212,https://en.wikipedia.org/wiki/List_of_railway_stations_in_Melbourne,Leawarra,https://en.wikipedia.org/wiki/Leawarra_railway_station,145°08′22″E
1625310664-165,https://en.wikipedia.org/wiki/List_of_railway_stations_in_Melbourne,Moreland,https://en.wikipedia.org/wiki/Moreland_railway_station,37°45′16″S
1625310835-295,https://en.wikipedia.org/wiki/List_of_railway_stations_in_Melbourne,Frankston,https://en.wikipedia.org/wiki/Frankston_railway_station,38°08′35″S
1625310512-51,https://en.wikipedia.org/wiki/List_of_railway_stations_in_Melbourne,Thomastown,"https://en.wikipedia.org/wiki/Thomastown_railway_station,_Melbourne",37°40′49″S
1625310957-390,https://en.wikipedia.org/wiki/List_of_railway_stations_in_Melbourne,Brighton Beach,https://en.wikipedia.org/wiki/Brighton_Beach_railway_station,144°59′21″E
1625310740-224,https://en.wikipedia.org/wiki/List_of_railway_stations_in_Melbourne,Kensington,"https://en.wikipedia.org/wiki/Kensington_railway_station,_Melbourne",144°55′51″E
1625310949-383,https://en.wikipedia.org/wiki/List_of_railway_stations_in_Melbourne,Burnley,https://en.wikipedia.org/wiki/Burnley_railway_station,37°49′39″S
1625310625-135,https://en.wikipedia.org/wiki/List_of_railway_stations_in_Melbourne,Oakleigh,https://en.wikipedia.org/wiki/Oakleigh_railway_station,37°54′02″S
1625310561-89,https://en.wikipedia.org/wiki/List_of_railway_stations_in_Melbourne,Seaholme,https://en.wikipedia.org/wiki/Seaholme_railway_station,37°52′04″S
1625310949-384,https://en.wikipedia.org/wiki/List_of_railway_stations_in_Melbourne,Burnley,https://en.wikipedia.org/wiki/Burnley_railway_station,145°00′24″E
1625311015-431,https://en.wikipedia.org/wiki/List_of_railway_stations_in_Melbourne,Altona,https://en.wikipedia.org/wiki/Altona_railway_station,37°52′02″S
1625310769-245,https://en.wikipedia.org/wiki/List_of_railway_stations_in_Melbourne,Hoppers Crossing,https://en.wikipedia.org/wiki/Hoppers_Crossing_railway_station,37°53′00″S
1625310465-16,https://en.wikipedia.org/wiki/List_of_railway_stations_in_Melbourne,Westona,https://en.wikipedia.org/wiki/Westona_railway_station,144°48′49″E
1625310704-196,https://en.wikipedia.org/wiki/List_of_railway_stations_in_Melbourne,Mentone,https://en.wikipedia.org/wiki/Mentone_railway_station,145°03′55″E
1625310942-377,https://en.wikipedia.org/wiki/List_of_railway_stations_in_Melbourne,Canterbury,"https://en.wikipedia.org/wiki/Canterbury_railway_station,_Melbourne",37°49′28″S
1625310553-84,https://en.wikipedia.org/wiki/List_of_railway_stations_in_Melbourne,Somerville,https://en.wikipedia.org/wiki/Somerville_railway_station,145°10′34″E
1625310470-20,https://en.wikipedia.org/wiki/List_of_railway_stations_in_Melbourne,Westall,https://en.wikipedia.org/wiki/Westall_railway_station,145°08′18″E
1625310564-92,https://en.wikipedia.org/wiki/List_of_railway_stations_in_Melbourne,Seaford,"https://en.wikipedia.org/wiki/Seaford_railway_station,_Melbourne",145°07′41″E
1625310718-207,https://en.wikipedia.org/wiki/List_of_railway_stations_in_Melbourne,Lynbrook,https://en.wikipedia.org/wiki/Lynbrook_railway_station,38°3′28″S
1625310791-261,https://en.wikipedia.org/wiki/List_of_railway_stations_in_Melbourne,Hawkstowe,https://en.wikipedia.org/wiki/Hawkstowe_railway_station,37°37′18″S
1625310924-363,https://en.wikipedia.org/wiki/List_of_railway_stations_in_Melbourne,Cheltenham,"https://en.wikipedia.org/wiki/Cheltenham_railway_station,_Melbourne",37°58′01″S
1625310693-187,https://en.wikipedia.org/wiki/List_of_railway_stations_in_Melbourne,Merri,https://en.wikipedia.org/wiki/Merri_railway_station,37°46′40″S
1625310636-144,https://en.wikipedia.org/wiki/List_of_railway_stations_in_Melbourne,North Williamstown,https://en.wikipedia.org/wiki/North_Williamstown_railway_station,144°53′20″E
1625310566-94,https://en.wikipedia.org/wiki/List_of_railway_stations_in_Melbourne,Sandringham,https://en.wikipedia.org/wiki/Sandringham_railway_station,145°00′16″E
1625310850-308,https://en.wikipedia.org/wiki/List_of_railway_stations_in_Melbourne,Ferntree Gully,https://en.wikipedia.org/wiki/Ferntree_Gully_railway_station,145°17′43″E
1625310913-355,https://en.wikipedia.org/wiki/List_of_railway_stations_in_Melbourne,Collingwood,https://en.wikipedia.org/wiki/Collingwood_railway_station,37°48′16″S
1625310564-91,https://en.wikipedia.org/wiki/List_of_railway_stations_in_Melbourne,Seaford,"https://en.wikipedia.org/wiki/Seaford_railway_station,_Melbourne",38°06′14″S
1625310539-73,https://en.wikipedia.org/wiki/List_of_railway_stations_in_Melbourne,Southland,https://en.wikipedia.org/wiki/Southland_railway_station,37°57′32″S
1625310532-67,https://en.wikipedia.org/wiki/List_of_railway_stations_in_Melbourne,St Albans,"https://en.wikipedia.org/wiki/St_Albans_railway_station,_Melbourne",37°44′40″S
1625310775-249,https://en.wikipedia.org/wiki/List_of_railway_stations_in_Melbourne,Highett,https://en.wikipedia.org/wiki/Highett_railway_station,37°56′55″S
1625310899-346,https://en.wikipedia.org/wiki/List_of_railway_stations_in_Melbourne,Croxton,https://en.wikipedia.org/wiki/Croxton_railway_station,144°59′48″E
1625310473-21,https://en.wikipedia.org/wiki/List_of_railway_stations_in_Melbourne,West Richmond,https://en.wikipedia.org/wiki/West_Richmond_railway_station,37°48′54″S
1625310777-252,https://en.wikipedia.org/wiki/List_of_railway_stations_in_Melbourne,Heyington,https://en.wikipedia.org/wiki/Heyington_railway_station,145°01′22″E
1625310871-323,https://en.wikipedia.org/wiki/List_of_railway_stations_in_Melbourne,East Richmond,"https://en.wikipedia.org/wiki/East_Richmond_railway_station,_Melbourne",37°49′35″S
1625310708-200,https://en.wikipedia.org/wiki/List_of_railway_stations_in_Melbourne,McKinnon,https://en.wikipedia.org/wiki/McKinnon_railway_station,145°02′18″E
1625310838-298,https://en.wikipedia.org/wiki/List_of_railway_stations_in_Melbourne,Footscray,https://en.wikipedia.org/wiki/Footscray_railway_station,144°54′09″E
1625310685-181,https://en.wikipedia.org/wiki/List_of_railway_stations_in_Melbourne,Middle Gorge,https://en.wikipedia.org/wiki/Middle_Gorge_railway_station,37°38′39″S
1625310514-53,https://en.wikipedia.org/wiki/List_of_railway_stations_in_Melbourne,Tecoma,https://en.wikipedia.org/wiki/Tecoma_railway_station,37°54′29″S
1625310793-263,https://en.wikipedia.org/wiki/List_of_railway_stations_in_Melbourne,Hawksburn,https://en.wikipedia.org/wiki/Hawksburn_railway_station,37°50′41″S
1625310924-364,https://en.wikipedia.org/wiki/List_of_railway_stations_in_Melbourne,Cheltenham,"https://en.wikipedia.org/wiki/Cheltenham_railway_station,_Melbourne",145°03′17″E
1625310550-81,https://en.wikipedia.org/wiki/List_of_railway_stations_in_Melbourne,South Kensington,https://en.wikipedia.org/wiki/South_Kensington_railway_station,37°47′59″S
1625310601-117,https://en.wikipedia.org/wiki/List_of_railway_stations_in_Melbourne,Preston,"https://en.wikipedia.org/wiki/Preston_railway_station,_Melbourne",37°44′19″S
1625310721-210,https://en.wikipedia.org/wiki/List_of_railway_stations_in_Melbourne,Lilydale,https://en.wikipedia.org/wiki/Lilydale_railway_station,145°20′51″E
1625310669-170,https://en.wikipedia.org/wiki/List_of_railway_stations_in_Melbourne,Mooroolbark,https://en.wikipedia.org/wiki/Mooroolbark_railway_station,145°18′45″E
1625310809-276,https://en.wikipedia.org/wiki/List_of_railway_stations_in_Melbourne,Gowrie,https://en.wikipedia.org/wiki/Gowrie_railway_station,144°57′32″E
1625310658-161,https://en.wikipedia.org/wiki/List_of_railway_stations_in_Melbourne,Mount Waverley,https://en.wikipedia.org/wiki/Mount_Waverley_railway_station,37°52′31″S
1625310527-63,https://en.wikipedia.org/wiki/List_of_railway_stations_in_Melbourne,Strathmore,https://en.wikipedia.org/wiki/Strathmore_railway_station,37°44′37″S
1625310969-398,https://en.wikipedia.org/wiki/List_of_railway_stations_in_Melbourne,Blackburn,"https://en.wikipedia.org/wiki/Blackburn_railway_station,_Melbourne",145°09′00″E
1625311009-428,https://en.wikipedia.org/wiki/List_of_railway_stations_in_Melbourne,Armadale,"https://en.wikipedia.org/wiki/Armadale_railway_station,_Melbourne",145°01′09″E
1625310971-399,https://en.wikipedia.org/wiki/List_of_railway_stations_in_Melbourne,Bittern,https://en.wikipedia.org/wiki/Bittern_railway_station,38°20′14″S
1625310478-26,https://en.wikipedia.org/wiki/List_of_railway_stations_in_Melbourne,Werribee,https://en.wikipedia.org/wiki/Werribee_railway_station,144°39′40″E
1625310566-93,https://en.wikipedia.org/wiki/List_of_railway_stations_in_Melbourne,Sandringham,https://en.wikipedia.org/wiki/Sandringham_railway_station,37°57′01″S
1625310860-315,https://en.wikipedia.org/wiki/List_of_railway_stations_in_Melbourne,Epping,"https://en.wikipedia.org/wiki/Epping_railway_station,_Melbourne",37°39′08″S
1625310969-397,https://en.wikipedia.org/wiki/List_of_railway_stations_in_Melbourne,Blackburn,"https://en.wikipedia.org/wiki/Blackburn_railway_station,_Melbourne",37°49′12″S
1625310788-259,https://en.wikipedia.org/wiki/List_of_railway_stations_in_Melbourne,Hawthorn,"https://en.wikipedia.org/wiki/Hawthorn_railway_station,_Melbourne",37°49′19″S
1625310599-116,https://en.wikipedia.org/wiki/List_of_railway_stations_in_Melbourne,Regent,https://en.wikipedia.org/wiki/Regent_railway_station,145°00′10″E
1625310937-374,https://en.wikipedia.org/wiki/List_of_railway_stations_in_Melbourne,Carnegie,https://en.wikipedia.org/wiki/Carnegie_railway_station,145°03′31″E
1625310462-13,https://en.wikipedia.org/wiki/List_of_railway_stations_in_Melbourne,Williams Landing,https://en.wikipedia.org/wiki/Williams_Landing_railway_station,37°52′13″S
1625311006-425,https://en.wikipedia.org/wiki/List_of_railway_stations_in_Melbourne,Ascot Vale,https://en.wikipedia.org/wiki/Ascot_Vale_railway_station,37°46′31″S
1625310574-100,https://en.wikipedia.org/wiki/List_of_railway_stations_in_Melbourne,Rushall,https://en.wikipedia.org/wiki/Rushall_railway_station,144°59′31″E
1625310653-158,https://en.wikipedia.org/wiki/List_of_railway_stations_in_Melbourne,Narre Warren,https://en.wikipedia.org/wiki/Narre_Warren_railway_station,145°18′14″E
1625310946-381,https://en.wikipedia.org/wiki/List_of_railway_stations_in_Melbourne,Burwood,"https://en.wikipedia.org/wiki/Burwood_railway_station,_Melbourne",37°51′06″S
1625310803-271,https://en.wikipedia.org/wiki/List_of_railway_stations_in_Melbourne,Hallam,https://en.wikipedia.org/wiki/Hallam_railway_station,38°01′04″S
1625310785-257,https://en.wikipedia.org/wiki/List_of_railway_stations_in_Melbourne,Heatherdale,https://en.wikipedia.org/wiki/Heatherdale_railway_station,37°49′08″S
1625310579-103,https://en.wikipedia.org/wiki/List_of_railway_stations_in_Melbourne,Roxburgh Park,https://en.wikipedia.org/wiki/Roxburgh_Park_railway_station,37°38′18″S
1625310485-32,https://en.wikipedia.org/wiki/List_of_railway_stations_in_Melbourne,Watergardens,https://en.wikipedia.org/wiki/Watergardens_railway_station,144°46′26″E
1625310952-385,https://en.wikipedia.org/wiki/List_of_railway_stations_in_Melbourne,Brunswick,"https://en.wikipedia.org/wiki/Brunswick_railway_station,_Melbourne",37°46′04″S
1625310934-372,https://en.wikipedia.org/wiki/List_of_railway_stations_in_Melbourne,Carrum,https://en.wikipedia.org/wiki/Carrum_railway_station,145°07′20″E
1625310680-178,https://en.wikipedia.org/wiki/List_of_railway_stations_in_Melbourne,Mont Albert,https://en.wikipedia.org/wiki/Mont_Albert_railway_station,145°06′20″E
1625310496-39,https://en.wikipedia.org/wiki/List_of_railway_stations_in_Melbourne,Upfield,https://en.wikipedia.org/wiki/Upfield_railway_station,37°39′58″S
1625310891-339,https://en.wikipedia.org/wiki/List_of_railway_stations_in_Melbourne,Darebin,https://en.wikipedia.org/wiki/Darebin_railway_station,37°46′30″S
1625310509-49,https://en.wikipedia.org/wiki/List_of_railway_stations_in_Melbourne,Thornbury,"https://en.wikipedia.org/wiki/Thornbury_railway_station,_Melbourne",37°45′19″S
1625310530-65,https://en.wikipedia.org/wiki/List_of_railway_stations_in_Melbourne,Stony Point,https://en.wikipedia.org/wiki/Stony_Point_railway_station,38°22′27″S
1625310625-136,https://en.wikipedia.org/wiki/List_of_railway_stations_in_Melbourne,Oakleigh,https://en.wikipedia.org/wiki/Oakleigh_railway_station,145°05′18″E
1625310767-244,https://en.wikipedia.org/wiki/List_of_railway_stations_in_Melbourne,Hughesdale,https://en.wikipedia.org/wiki/Hughesdale_railway_station,145°04′35″E
1625310913-356,https://en.wikipedia.org/wiki/List_of_railway_stations_in_Melbourne,Collingwood,https://en.wikipedia.org/wiki/Collingwood_railway_station,144°59′37″E
1625310517-56,https://en.wikipedia.org/wiki/List_of_railway_stations_in_Melbourne,Syndal,https://en.wikipedia.org/wiki/Syndal_railway_station,145°08′58″E
1625310682-180,https://en.wikipedia.org/wiki/List_of_railway_stations_in_Melbourne,Mitcham,"https://en.wikipedia.org/wiki/Mitcham_railway_station,_Melbourne",145°11′31″E
1625310800-269,https://en.wikipedia.org/wiki/List_of_railway_stations_in_Melbourne,Hampton,"https://en.wikipedia.org/wiki/Hampton_railway_station,_Melbourne",37°56′18″S
1625310775-250,https://en.wikipedia.org/wiki/List_of_railway_stations_in_Melbourne,Highett,https://en.wikipedia.org/wiki/Highett_railway_station,145°02′30″E
1625310643-149,https://en.wikipedia.org/wiki/List_of_railway_stations_in_Melbourne,North Brighton,https://en.wikipedia.org/wiki/North_Brighton_railway_station,37°54′17″S
1625310623-134,https://en.wikipedia.org/wiki/List_of_railway_stations_in_Melbourne,Officer,https://en.wikipedia.org/wiki/Officer_railway_station,145°24′40″E
1625310628-138,https://en.wikipedia.org/wiki/List_of_railway_stations_in_Melbourne,Oak Park,https://en.wikipedia.org/wiki/Oak_Park_railway_station,144°55′18″E
1625310713-204,https://en.wikipedia.org/wiki/List_of_railway_stations_in_Melbourne,Macleod,https://en.wikipedia.org/wiki/Macleod_railway_station,145°04′09″E
1625310863-317,https://en.wikipedia.org/wiki/List_of_railway_stations_in_Melbourne,Eltham,"https://en.wikipedia.org/wiki/Eltham_railway_station,_Melbourne",37°42′50″S
1625310545-78,https://en.wikipedia.org/wiki/List_of_railway_stations_in_Melbourne,South Yarra,https://en.wikipedia.org/wiki/South_Yarra_railway_station,144°59′32″E
1625310556-86,https://en.wikipedia.org/wiki/List_of_railway_stations_in_Melbourne,Showgrounds,"https://en.wikipedia.org/wiki/Showgrounds_railway_station,_Melbourne",144°54′54″E
1625310920-361,https://en.wikipedia.org/wiki/List_of_railway_stations_in_Melbourne,Clayton,"https://en.wikipedia.org/wiki/Clayton_railway_station,_Melbourne",37°55′28″S
1625310985-410,https://en.wikipedia.org/wiki/List_of_railway_stations_in_Melbourne,Beaconsfield,"https://en.wikipedia.org/wiki/Beaconsfield_railway_station,_Melbourne",145°21′58″E
1625310643-150,https://en.wikipedia.org/wiki/List_of_railway_stations_in_Melbourne,North Brighton,https://en.wikipedia.org/wiki/North_Brighton_railway_station,145°00′09″E
1625310473-22,https://en.wikipedia.org/wiki/List_of_railway_stations_in_Melbourne,West Richmond,https://en.wikipedia.org/wiki/West_Richmond_railway_station,144°59′29″E
1625310999-419,https://en.wikipedia.org/wiki/List_of_railway_stations_in_Melbourne,Auburn,"https://en.wikipedia.org/wiki/Auburn_railway_station,_Melbourne",37°49′21″S
1625310798-267,https://en.wikipedia.org/wiki/List_of_railway_stations_in_Melbourne,Hartwell,https://en.wikipedia.org/wiki/Hartwell_railway_station,37°50′39″S
1625310460-11,https://en.wikipedia.org/wiki/List_of_railway_stations_in_Melbourne,Williamstown,"https://en.wikipedia.org/wiki/Williamstown_railway_station,_Melbourne",37°52′04″S
1625310985-409,https://en.wikipedia.org/wiki/List_of_railway_stations_in_Melbourne,Beaconsfield,"https://en.wikipedia.org/wiki/Beaconsfield_railway_station,_Melbourne",38°03′03″S
1625310734-220,https://en.wikipedia.org/wiki/List_of_railway_stations_in_Melbourne,Kooyong,https://en.wikipedia.org/wiki/Kooyong_railway_station,145°02′00″E
1625310695-190,https://en.wikipedia.org/wiki/List_of_railway_stations_in_Melbourne,Mernda,https://en.wikipedia.org/wiki/Mernda_railway_station,145°6′5″E
1625311004-423,https://en.wikipedia.org/wiki/List_of_railway_stations_in_Melbourne,Ashburton,"https://en.wikipedia.org/wiki/Ashburton_railway_station,_Melbourne",37°51′43″S
1625310934-371,https://en.wikipedia.org/wiki/List_of_railway_stations_in_Melbourne,Carrum,https://en.wikipedia.org/wiki/Carrum_railway_station,38°04′30″S
1625310791-262,https://en.wikipedia.org/wiki/List_of_railway_stations_in_Melbourne,Hawkstowe,https://en.wikipedia.org/wiki/Hawkstowe_railway_station,145°05′51″E
1625310756-235,https://en.wikipedia.org/wiki/List_of_railway_stations_in_Melbourne,Jacana,https://en.wikipedia.org/wiki/Jacana_railway_station,37°41′42″S
1625310742-225,https://en.wikipedia.org/wiki/List_of_railway_stations_in_Melbourne,Keilor Plains,https://en.wikipedia.org/wiki/Keilor_Plains_railway_station,37°43′46″S
1625310806-274,https://en.wikipedia.org/wiki/List_of_railway_stations_in_Melbourne,Greensborough,https://en.wikipedia.org/wiki/Greensborough_railway_station,145°06′29″E
1625310476-23,https://en.wikipedia.org/wiki/List_of_railway_stations_in_Melbourne,West Footscray,https://en.wikipedia.org/wiki/West_Footscray_railway_station,37°48′06″S
1625310488-34,https://en.wikipedia.org/wiki/List_of_railway_stations_in_Melbourne,Victoria Park,"https://en.wikipedia.org/wiki/Victoria_Park_railway_station,_Melbourne",144°59′40″E
1625311001-421,https://en.wikipedia.org/wiki/List_of_railway_stations_in_Melbourne,Aspendale,https://en.wikipedia.org/wiki/Aspendale_railway_station,38°01′38″S
1625310682-179,https://en.wikipedia.org/wiki/List_of_railway_stations_in_Melbourne,Mitcham,"https://en.wikipedia.org/wiki/Mitcham_railway_station,_Melbourne",37°49′05″S
1625310980-405,https://en.wikipedia.org/wiki/List_of_railway_stations_in_Melbourne,Bell,"https://en.wikipedia.org/wiki/Bell_railway_station,_Melbourne",37°44′44″S
1625310926-365,https://en.wikipedia.org/wiki/List_of_railway_stations_in_Melbourne,Chelsea,"https://en.wikipedia.org/wiki/Chelsea_railway_station,_Melbourne",38°03′07″S
1625310944-379,https://en.wikipedia.org/wiki/List_of_railway_stations_in_Melbourne,Camberwell,"https://en.wikipedia.org/wiki/Camberwell_railway_station,_Melbourne",37°49′35″S
1625310860-316,https://en.wikipedia.org/wiki/List_of_railway_stations_in_Melbourne,Epping,"https://en.wikipedia.org/wiki/Epping_railway_station,_Melbourne",145°01′51″E
1625310932-370,https://en.wikipedia.org/wiki/List_of_railway_stations_in_Melbourne,Caulfield,https://en.wikipedia.org/wiki/Caulfield_railway_station,145°02′32″E
1625310671-171,https://en.wikipedia.org/wiki/List_of_railway_stations_in_Melbourne,Moorabbin,https://en.wikipedia.org/wiki/Moorabbin_railway_station,37°56′03″S
1625310574-99,https://en.wikipedia.org/wiki/List_of_railway_stations_in_Melbourne,Rushall,https://en.wikipedia.org/wiki/Rushall_railway_station,37°47′00″S
1625310645-152,https://en.wikipedia.org/wiki/List_of_railway_stations_in_Melbourne,Noble Park,https://en.wikipedia.org/wiki/Noble_Park_railway_station,145°10′38″E
1625310944-380,https://en.wikipedia.org/wiki/List_of_railway_stations_in_Melbourne,Camberwell,"https://en.wikipedia.org/wiki/Camberwell_railway_station,_Melbourne",145°03′31″E
1625310509-50,https://en.wikipedia.org/wiki/List_of_railway_stations_in_Melbourne,Thornbury,"https://en.wikipedia.org/wiki/Thornbury_railway_station,_Melbourne",144°59′54″E
1625310507-48,https://en.wikipedia.org/wiki/List_of_railway_stations_in_Melbourne,Toorak,https://en.wikipedia.org/wiki/Toorak_railway_station,145°00′50″E
1625310504-45,https://en.wikipedia.org/wiki/List_of_railway_stations_in_Melbourne,Tooronga,https://en.wikipedia.org/wiki/Tooronga_railway_station,37°50′58″S
1625310748-229,https://en.wikipedia.org/wiki/List_of_railway_stations_in_Melbourne,Jordanville,https://en.wikipedia.org/wiki/Jordanville_railway_station,37°52′25″S
1625310688-184,https://en.wikipedia.org/wiki/List_of_railway_stations_in_Melbourne,Middle Footscray,https://en.wikipedia.org/wiki/Middle_Footscray_railway_station,144°53′29″E
1625310715-206,https://en.wikipedia.org/wiki/List_of_railway_stations_in_Melbourne,Macaulay,https://en.wikipedia.org/wiki/Macaulay_railway_station,144°56′10″E
1625310842-301,https://en.wikipedia.org/wiki/List_of_railway_stations_in_Melbourne,Flemington Racecourse,https://en.wikipedia.org/wiki/Flemington_Racecourse_railway_station,37°47′16″S
1625310596-113,https://en.wikipedia.org/wiki/List_of_railway_stations_in_Melbourne,Reservoir,https://en.wikipedia.org/wiki/Reservoir_railway_station,37°43′00″S
1625310907-351,https://en.wikipedia.org/wiki/List_of_railway_stations_in_Melbourne,Craigieburn,https://en.wikipedia.org/wiki/Craigieburn_railway_station,37°36′10″S
1625310620-132,https://en.wikipedia.org/wiki/List_of_railway_stations_in_Melbourne,Ormond,https://en.wikipedia.org/wiki/Ormond_railway_station,145°02′22″E
1625310661-163,https://en.wikipedia.org/wiki/List_of_railway_stations_in_Melbourne,Morradoo,https://en.wikipedia.org/wiki/Morradoo_railway_station,38°21′14″S
1625310520-57,https://en.wikipedia.org/wiki/List_of_railway_stations_in_Melbourne,Surrey Hills,https://en.wikipedia.org/wiki/Surrey_Hills_railway_station,37°49′26″S
1625310929-368,https://en.wikipedia.org/wiki/List_of_railway_stations_in_Melbourne,Chatham,"https://en.wikipedia.org/wiki/Chatham_railway_station,_Melbourne",145°05′19″E
1625310899-345,https://en.wikipedia.org/wiki/List_of_railway_stations_in_Melbourne,Croxton,https://en.wikipedia.org/wiki/Croxton_railway_station,37°45′51″S
1625310455-7,https://en.wikipedia.org/wiki/List_of_railway_stations_in_Melbourne,Willison,https://en.wikipedia.org/wiki/Willison_railway_station,37°50′09″S
1625310460-12,https://en.wikipedia.org/wiki/List_of_railway_stations_in_Melbourne,Williamstown,"https://en.wikipedia.org/wiki/Williamstown_railway_station,_Melbourne",144°54′19″E
1625310993-416,https://en.wikipedia.org/wiki/List_of_railway_stations_in_Melbourne,Batman,https://en.wikipedia.org/wiki/Batman_railway_station,144°57′46″E
1625310999-420,https://en.wikipedia.org/wiki/List_of_railway_stations_in_Melbourne,Auburn,"https://en.wikipedia.org/wiki/Auburn_railway_station,_Melbourne",145°02′46″E
1625310761-240,https://en.wikipedia.org/wiki/List_of_railway_stations_in_Melbourne,Hurstbridge,https://en.wikipedia.org/wiki/Hurstbridge_railway_station,145°11′32″E
1625310645-151,https://en.wikipedia.org/wiki/List_of_railway_stations_in_Melbourne,Noble Park,https://en.wikipedia.org/wiki/Noble_Park_railway_station,37°58′03″S
1625310587-110,https://en.wikipedia.org/wiki/List_of_railway_stations_in_Melbourne,Ripponlea,https://en.wikipedia.org/wiki/Ripponlea_railway_station,144°59′42″E
1625310829-292,https://en.wikipedia.org/wiki/List_of_railway_stations_in_Melbourne,Gardiner,https://en.wikipedia.org/wiki/Gardiner_railway_station,145°03′06″E
1625310706-197,https://en.wikipedia.org/wiki/List_of_railway_stations_in_Melbourne,Melbourne Central,https://en.wikipedia.org/wiki/Melbourne_Central_railway_station,37°48′36″S
1625310708-199,https://en.wikipedia.org/wiki/List_of_railway_stations_in_Melbourne,McKinnon,https://en.wikipedia.org/wiki/McKinnon_railway_station,37°54′37″S
1625310772-248,https://en.wikipedia.org/wiki/List_of_railway_stations_in_Melbourne,Holmesglen,https://en.wikipedia.org/wiki/Holmesglen_railway_station,145°05′29″E
1625310729-215,https://en.wikipedia.org/wiki/List_of_railway_stations_in_Melbourne,Lalor,https://en.wikipedia.org/wiki/Lalor_railway_station,37°39′57″S
1625310674-174,https://en.wikipedia.org/wiki/List_of_railway_stations_in_Melbourne,Moonee Ponds,https://en.wikipedia.org/wiki/Moonee_Ponds_railway_station,144°55′10″E
1625310974-401,https://en.wikipedia.org/wiki/List_of_railway_stations_in_Melbourne,Berwick,"https://en.wikipedia.org/wiki/Berwick_railway_station,_Melbourne",38°02′23″S
1625310677-176,https://en.wikipedia.org/wiki/List_of_railway_stations_in_Melbourne,Montmorency,"https://en.wikipedia.org/wiki/Montmorency_railway_station,_Victoria",145°07′17″E
1625310868-321,https://en.wikipedia.org/wiki/List_of_railway_stations_in_Melbourne,Edithvale,https://en.wikipedia.org/wiki/Edithvale_railway_station,38°02′17″S
1625310855-312,https://en.wikipedia.org/wiki/List_of_railway_stations_in_Melbourne,Fairfield,"https://en.wikipedia.org/wiki/Fairfield_railway_station,_Melbourne",145°01′01″E
1625310750-231,https://en.wikipedia.org/wiki/List_of_railway_stations_in_Melbourne,Jolimont,https://en.wikipedia.org/wiki/Jolimont_railway_station,37°48′59″S
1625310858-313,https://en.wikipedia.org/wiki/List_of_railway_stations_in_Melbourne,Essendon,https://en.wikipedia.org/wiki/Essendon_railway_station,37°45′22″S
1625310537-71,https://en.wikipedia.org/wiki/List_of_railway_stations_in_Melbourne,Spotswood,https://en.wikipedia.org/wiki/Spotswood_railway_station,37°49′50″S
1625310858-314,https://en.wikipedia.org/wiki/List_of_railway_stations_in_Melbourne,Essendon,https://en.wikipedia.org/wiki/Essendon_railway_station,144°54′58″E
1625310576-101,https://en.wikipedia.org/wiki/List_of_railway_stations_in_Melbourne,Royal Park,https://en.wikipedia.org/wiki/Royal_Park_railway_station,37°46′53″S
1625310764-241,https://en.wikipedia.org/wiki/List_of_railway_stations_in_Melbourne,Huntingdale,https://en.wikipedia.org/wiki/Huntingdale_railway_station,37°54′40″S
1625310674-173,https://en.wikipedia.org/wiki/List_of_railway_stations_in_Melbourne,Moonee Ponds,https://en.wikipedia.org/wiki/Moonee_Ponds_railway_station,37°45′57″S
1625310809-275,https://en.wikipedia.org/wiki/List_of_railway_stations_in_Melbourne,Gowrie,https://en.wikipedia.org/wiki/Gowrie_railway_station,37°42′03″S
1625310631-140,https://en.wikipedia.org/wiki/List_of_railway_stations_in_Melbourne,Nunawading,https://en.wikipedia.org/wiki/Nunawading_railway_station,145°10′38″E
1625310960-391,https://en.wikipedia.org/wiki/List_of_railway_stations_in_Melbourne,Box Hill,"https://en.wikipedia.org/wiki/Box_Hill_railway_station,_Melbourne",37°49′09″S
1625310685-182,https://en.wikipedia.org/wiki/List_of_railway_stations_in_Melbourne,Middle Gorge,https://en.wikipedia.org/wiki/Middle_Gorge_railway_station,145°05′31″E
1625310977-403,https://en.wikipedia.org/wiki/List_of_railway_stations_in_Melbourne,Bentleigh,https://en.wikipedia.org/wiki/Bentleigh_railway_station,37°55′03″S
1625310756-236,https://en.wikipedia.org/wiki/List_of_railway_stations_in_Melbourne,Jacana,https://en.wikipedia.org/wiki/Jacana_railway_station,144°54′57″E
1625310706-198,https://en.wikipedia.org/wiki/List_of_railway_stations_in_Melbourne,Melbourne Central,https://en.wikipedia.org/wiki/Melbourne_Central_railway_station,144°57′46″E
1625310879-329,https://en.wikipedia.org/wiki/List_of_railway_stations_in_Melbourne,Eaglemont,https://en.wikipedia.org/wiki/Eaglemont_railway_station,37°45′50″S
1625310666-168,https://en.wikipedia.org/wiki/List_of_railway_stations_in_Melbourne,Mordialloc,https://en.wikipedia.org/wiki/Mordialloc_railway_station,145°05′15″E
1625310796-265,https://en.wikipedia.org/wiki/List_of_railway_stations_in_Melbourne,Hastings,"https://en.wikipedia.org/wiki/Hastings_railway_station,_Melbourne",38°18′20″S
1625310873-325,https://en.wikipedia.org/wiki/List_of_railway_stations_in_Melbourne,East Malvern,https://en.wikipedia.org/wiki/East_Malvern_railway_station,37°52′37″S
1625311024-437,https://en.wikipedia.org/wiki/List_of_railway_stations_in_Melbourne,Alamein,https://en.wikipedia.org/wiki/Alamein_railway_station,37°52′06″S
1625310832-294,https://en.wikipedia.org/wiki/List_of_railway_stations_in_Melbourne,Gardenvale,https://en.wikipedia.org/wiki/Gardenvale_railway_station,145°00′15″E
1625310863-318,https://en.wikipedia.org/wiki/List_of_railway_stations_in_Melbourne,Eltham,"https://en.wikipedia.org/wiki/Eltham_railway_station,_Melbourne",145°08′52″E
1625310601-118,https://en.wikipedia.org/wiki/List_of_railway_stations_in_Melbourne,Preston,"https://en.wikipedia.org/wiki/Preston_railway_station,_Melbourne",145°00′02″E
1625310499-42,https://en.wikipedia.org/wiki/List_of_railway_stations_in_Melbourne,Tyabb,https://en.wikipedia.org/wiki/Tyabb_railway_station,145°11′10″E
1625310690-186,https://en.wikipedia.org/wiki/List_of_railway_stations_in_Melbourne,Middle Brighton,https://en.wikipedia.org/wiki/Middle_Brighton_railway_station,144°59′47″E
1625310593-112,https://en.wikipedia.org/wiki/List_of_railway_stations_in_Melbourne,Richmond,"https://en.wikipedia.org/wiki/Richmond_railway_station,_Melbourne",144°59′20″E
1625310963-393,https://en.wikipedia.org/wiki/List_of_railway_stations_in_Melbourne,Boronia,https://en.wikipedia.org/wiki/Boronia_railway_station,37°51′38″S
1625310907-352,https://en.wikipedia.org/wiki/List_of_railway_stations_in_Melbourne,Craigieburn,https://en.wikipedia.org/wiki/Craigieburn_railway_station,144°56′35″E
1625310782-255,https://en.wikipedia.org/wiki/List_of_railway_stations_in_Melbourne,Heathmont,https://en.wikipedia.org/wiki/Heathmont_railway_station,37°49′42″S
1625310847-305,https://en.wikipedia.org/wiki/List_of_railway_stations_in_Melbourne,Flagstaff,https://en.wikipedia.org/wiki/Flagstaff_railway_station,37°48′43″S
1625310499-41,https://en.wikipedia.org/wiki/List_of_railway_stations_in_Melbourne,Tyabb,https://en.wikipedia.org/wiki/Tyabb_railway_station,38°15′35″S
1625311004-424,https://en.wikipedia.org/wiki/List_of_railway_stations_in_Melbourne,Ashburton,"https://en.wikipedia.org/wiki/Ashburton_railway_station,_Melbourne",145°04′53″E
1625310579-104,https://en.wikipedia.org/wiki/List_of_railway_stations_in_Melbourne,Roxburgh Park,https://en.wikipedia.org/wiki/Roxburgh_Park_railway_station,144°56′07″E
1625310816-281,https://en.wikipedia.org/wiki/List_of_railway_stations_in_Melbourne,Glenferrie,https://en.wikipedia.org/wiki/Glenferrie_railway_station,37°49′18″S
1625310996-418,https://en.wikipedia.org/wiki/List_of_railway_stations_in_Melbourne,Balaclava,"https://en.wikipedia.org/wiki/Balaclava_railway_station,_Melbourne",144°59′36″E
1625310524-61,https://en.wikipedia.org/wiki/List_of_railway_stations_in_Melbourne,Sunbury,"https://en.wikipedia.org/wiki/Sunbury_railway_station,_Melbourne",37°34′45″S
1625310971-400,https://en.wikipedia.org/wiki/List_of_railway_stations_in_Melbourne,Bittern,https://en.wikipedia.org/wiki/Bittern_railway_station,145°10′41″E
1625310942-378,https://en.wikipedia.org/wiki/List_of_railway_stations_in_Melbourne,Canterbury,"https://en.wikipedia.org/wiki/Canterbury_railway_station,_Melbourne",145°04′53″E
1625310656-159,https://en.wikipedia.org/wiki/List_of_railway_stations_in_Melbourne,Murrumbeena,https://en.wikipedia.org/wiki/Murrumbeena_railway_station,37°53′25″S
1625310612-125,https://en.wikipedia.org/wiki/List_of_railway_stations_in_Melbourne,Parliament,https://en.wikipedia.org/wiki/Parliament_railway_station,37°48′41″S
1625310545-77,https://en.wikipedia.org/wiki/List_of_railway_stations_in_Melbourne,South Yarra,https://en.wikipedia.org/wiki/South_Yarra_railway_station,37°50′20″S
1625310865-319,https://en.wikipedia.org/wiki/List_of_railway_stations_in_Melbourne,Elsternwick,https://en.wikipedia.org/wiki/Elsternwick_railway_station,37°53′05″S
1625311018-433,https://en.wikipedia.org/wiki/List_of_railway_stations_in_Melbourne,Alphington,https://en.wikipedia.org/wiki/Alphington_railway_station,37°46′42″S
1625310604-120,https://en.wikipedia.org/wiki/List_of_railway_stations_in_Melbourne,Prahran,https://en.wikipedia.org/wiki/Prahran_railway_station,144°59′24″E
1625310680-177,https://en.wikipedia.org/wiki/List_of_railway_stations_in_Melbourne,Mont Albert,https://en.wikipedia.org/wiki/Mont_Albert_railway_station,37°49′10″S
1625310483-30,https://en.wikipedia.org/wiki/List_of_railway_stations_in_Melbourne,Watsonia,https://en.wikipedia.org/wiki/Watsonia_railway_station,145°05′02″E
1625310868-322,https://en.wikipedia.org/wiki/List_of_railway_stations_in_Melbourne,Edithvale,https://en.wikipedia.org/wiki/Edithvale_railway_station,145°06′31″E
1625310886-336,https://en.wikipedia.org/wiki/List_of_railway_stations_in_Melbourne,Dennis,https://en.wikipedia.org/wiki/Dennis_railway_station,145°00′30″E
1625310559-88,https://en.wikipedia.org/wiki/List_of_railway_stations_in_Melbourne,Seddon,https://en.wikipedia.org/wiki/Seddon_railway_station,144°53′44″E
1625310788-260,https://en.wikipedia.org/wiki/List_of_railway_stations_in_Melbourne,Hawthorn,"https://en.wikipedia.org/wiki/Hawthorn_railway_station,_Melbourne",145°01′22″E
1625310800-270,https://en.wikipedia.org/wiki/List_of_railway_stations_in_Melbourne,Hampton,"https://en.wikipedia.org/wiki/Hampton_railway_station,_Melbourne",145°00′05″E
1625310677-175,https://en.wikipedia.org/wiki/List_of_railway_stations_in_Melbourne,Montmorency,"https://en.wikipedia.org/wiki/Montmorency_railway_station,_Victoria",37°42′55″S
1625310532-68,https://en.wikipedia.org/wiki/List_of_railway_stations_in_Melbourne,St Albans,"https://en.wikipedia.org/wiki/St_Albans_railway_station,_Melbourne",144°47′59″E
1625310811-278,https://en.wikipedia.org/wiki/List_of_railway_stations_in_Melbourne,Glenroy,https://en.wikipedia.org/wiki/Glenroy_railway_station,144°55′02″E
1625310932-369,https://en.wikipedia.org/wiki/List_of_railway_stations_in_Melbourne,Caulfield,https://en.wikipedia.org/wiki/Caulfield_railway_station,37°52′38″S
1625310957-389,https://en.wikipedia.org/wiki/List_of_railway_stations_in_Melbourne,Brighton Beach,https://en.wikipedia.org/wiki/Brighton_Beach_railway_station,37°55′35″S
1625310633-142,https://en.wikipedia.org/wiki/List_of_railway_stations_in_Melbourne,Northcote,https://en.wikipedia.org/wiki/Northcote_railway_station,144°59′41″E
1625310715-205,https://en.wikipedia.org/wiki/List_of_railway_stations_in_Melbourne,Macaulay,https://en.wikipedia.org/wiki/Macaulay_railway_station,37°47′41″S
1625310561-90,https://en.wikipedia.org/wiki/List_of_railway_stations_in_Melbourne,Seaholme,https://en.wikipedia.org/wiki/Seaholme_railway_station,144°50′28″E
1625310609-124,https://en.wikipedia.org/wiki/List_of_railway_stations_in_Melbourne,Pascoe Vale,https://en.wikipedia.org/wiki/Pascoe_Vale_railway_station,144°55′42″E
1625310881-332,https://en.wikipedia.org/wiki/List_of_railway_stations_in_Melbourne,Diggers Rest,https://en.wikipedia.org/wiki/Diggers_Rest_railway_station,144°43′12″E
1625310481-27,https://en.wikipedia.org/wiki/List_of_railway_stations_in_Melbourne,Wattle Glen,https://en.wikipedia.org/wiki/Wattle_Glen_railway_station,37°39′50″S
1625310939-375,https://en.wikipedia.org/wiki/List_of_railway_stations_in_Melbourne,Cardinia Road,https://en.wikipedia.org/wiki/Cardinia_Road_railway_station,38°4′16″S
1625310796-266,https://en.wikipedia.org/wiki/List_of_railway_stations_in_Melbourne,Hastings,"https://en.wikipedia.org/wiki/Hastings_railway_station,_Melbourne",145°11′10″E
1625310826-290,https://en.wikipedia.org/wiki/List_of_railway_stations_in_Melbourne,Ginifer,https://en.wikipedia.org/wiki/Ginifer_railway_station,144°48′36″E
1625310494-37,https://en.wikipedia.org/wiki/List_of_railway_stations_in_Melbourne,Upper Ferntree Gully,https://en.wikipedia.org/wiki/Upper_Ferntree_Gully_railway_station,37°53′34″S
1625310504-46,https://en.wikipedia.org/wiki/List_of_railway_stations_in_Melbourne,Tooronga,https://en.wikipedia.org/wiki/Tooronga_railway_station,145°02′30″E
1625310737-222,https://en.wikipedia.org/wiki/List_of_railway_stations_in_Melbourne,Keon Park,https://en.wikipedia.org/wiki/Keon_Park_railway_station,145°00′42″E
1625310840-300,https://en.wikipedia.org/wiki/List_of_railway_stations_in_Melbourne,Flinders Street,https://en.wikipedia.org/wiki/Flinders_Street_railway_station,144°58′01″E
1625310638-145,https://en.wikipedia.org/wiki/List_of_railway_stations_in_Melbourne,North Richmond,https://en.wikipedia.org/wiki/North_Richmond_railway_station,37°48′37″S
1625310512-52,https://en.wikipedia.org/wiki/List_of_railway_stations_in_Melbourne,Thomastown,"https://en.wikipedia.org/wiki/Thomastown_railway_station,_Melbourne",145°00′51″E
1625310745-227,https://en.wikipedia.org/wiki/List_of_railway_stations_in_Melbourne,Kananook,https://en.wikipedia.org/wiki/Kananook_railway_station,38°07′18″S
1625310658-162,https://en.wikipedia.org/wiki/List_of_railway_stations_in_Melbourne,Mount Waverley,https://en.wikipedia.org/wiki/Mount_Waverley_railway_station,145°07′42″E
1625310548-80,https://en.wikipedia.org/wiki/List_of_railway_stations_in_Melbourne,South Morang,https://en.wikipedia.org/wiki/South_Morang_railway_station,145°4′3″E
1625310819-283,https://en.wikipedia.org/wiki/List_of_railway_stations_in_Melbourne,Glenbervie,https://en.wikipedia.org/wiki/Glenbervie_railway_station,37°44′50″S
1625310636-143,https://en.wikipedia.org/wiki/List_of_railway_stations_in_Melbourne,North Williamstown,https://en.wikipedia.org/wiki/North_Williamstown_railway_station,37°51′26″S
1625310824-288,https://en.wikipedia.org/wiki/List_of_railway_stations_in_Melbourne,Glen Iris,https://en.wikipedia.org/wiki/Glen_Iris_railway_station,145°03′29″E
1625310587-109,https://en.wikipedia.org/wiki/List_of_railway_stations_in_Melbourne,Ripponlea,https://en.wikipedia.org/wiki/Ripponlea_railway_station,37°52′33″S
1625310753-233,https://en.wikipedia.org/wiki/List_of_railway_stations_in_Melbourne,Jewell,https://en.wikipedia.org/wiki/Jewell_railway_station,37°46′30″S
1625310891-340,https://en.wikipedia.org/wiki/List_of_railway_stations_in_Melbourne,Darebin,https://en.wikipedia.org/wiki/Darebin_railway_station,145°02′19″E
1625310894-342,https://en.wikipedia.org/wiki/List_of_railway_stations_in_Melbourne,Dandenong,https://en.wikipedia.org/wiki/Dandenong_railway_station,145°12′35″E
1625310988-411,https://en.wikipedia.org/wiki/List_of_railway_stations_in_Melbourne,Bayswater,"https://en.wikipedia.org/wiki/Bayswater_railway_station,_Melbourne",37°50′30″S
1625310664-166,https://en.wikipedia.org/wiki/List_of_railway_stations_in_Melbourne,Moreland,https://en.wikipedia.org/wiki/Moreland_railway_station,144°57′43″E
1625310910-354,https://en.wikipedia.org/wiki/List_of_railway_stations_in_Melbourne,Coolaroo,https://en.wikipedia.org/wiki/Coolaroo_railway_station,144°55′34″E
1625310617-129,https://en.wikipedia.org/wiki/List_of_railway_stations_in_Melbourne,Pakenham,https://en.wikipedia.org/wiki/Pakenham_railway_station,38°04′49″S
1625310798-268,https://en.wikipedia.org/wiki/List_of_railway_stations_in_Melbourne,Hartwell,https://en.wikipedia.org/wiki/Hartwell_railway_station,145°04′32″E
1625310894-341,https://en.wikipedia.org/wiki/List_of_railway_stations_in_Melbourne,Dandenong,https://en.wikipedia.org/wiki/Dandenong_railway_station,37°59′24″S
1625310520-58,https://en.wikipedia.org/wiki/List_of_railway_stations_in_Melbourne,Surrey Hills,https://en.wikipedia.org/wiki/Surrey_Hills_railway_station,145°05′56″E
1625310847-306,https://en.wikipedia.org/wiki/List_of_railway_stations_in_Melbourne,Flagstaff,https://en.wikipedia.org/wiki/Flagstaff_railway_station,144°57′22″E
1625310910-353,https://en.wikipedia.org/wiki/List_of_railway_stations_in_Melbourne,Coolaroo,https://en.wikipedia.org/wiki/Coolaroo_railway_station,37°39′36″S
1625310819-284,https://en.wikipedia.org/wiki/List_of_railway_stations_in_Melbourne,Glenbervie,https://en.wikipedia.org/wiki/Glenbervie_railway_station,144°55′15″E
1625310640-147,https://en.wikipedia.org/wiki/List_of_railway_stations_in_Melbourne,North Melbourne,https://en.wikipedia.org/wiki/North_Melbourne_railway_station,37°48′23″S
1625310542-75,https://en.wikipedia.org/wiki/List_of_railway_stations_in_Melbourne,Southern Cross,https://en.wikipedia.org/wiki/Southern_Cross_railway_station,37°49′06″S
1625310661-164,https://en.wikipedia.org/wiki/List_of_railway_stations_in_Melbourne,Morradoo,https://en.wikipedia.org/wiki/Morradoo_railway_station,145°11′21″E
1625310780-254,https://en.wikipedia.org/wiki/List_of_railway_stations_in_Melbourne,Heidelberg,https://en.wikipedia.org/wiki/Heidelberg_railway_station,145°03′39″E
1625310539-74,https://en.wikipedia.org/wiki/List_of_railway_stations_in_Melbourne,Southland,https://en.wikipedia.org/wiki/Southland_railway_station,145°02′57″E
1625310879-330,https://en.wikipedia.org/wiki/List_of_railway_stations_in_Melbourne,Eaglemont,https://en.wikipedia.org/wiki/Eaglemont_railway_station,145°03′14″E
1625310483-29,https://en.wikipedia.org/wiki/List_of_railway_stations_in_Melbourne,Watsonia,https://en.wikipedia.org/wiki/Watsonia_railway_station,37°42′40″S
1625310648-154,https://en.wikipedia.org/wiki/List_of_railway_stations_in_Melbourne,Newport,"https://en.wikipedia.org/wiki/Newport_railway_station,_Melbourne",144°53′00″E
1625310980-406,https://en.wikipedia.org/wiki/List_of_railway_stations_in_Melbourne,Bell,"https://en.wikipedia.org/wiki/Bell_railway_station,_Melbourne",145°00′01″E
1625310772-247,https://en.wikipedia.org/wiki/List_of_railway_stations_in_Melbourne,Holmesglen,https://en.wikipedia.org/wiki/Holmesglen_railway_station,37°52′27″S
1625310904-350,https://en.wikipedia.org/wiki/List_of_railway_stations_in_Melbourne,Cranbourne,https://en.wikipedia.org/wiki/Cranbourne_railway_station,145°16′52″E
1625310991-414,https://en.wikipedia.org/wiki/List_of_railway_stations_in_Melbourne,Baxter,https://en.wikipedia.org/wiki/Baxter_railway_station,145°09′38″E
1625310569-96,https://en.wikipedia.org/wiki/List_of_railway_stations_in_Melbourne,Sandown Park,"https://en.wikipedia.org/wiki/Sandown_Park_railway_station,_Melbourne",145°09′48″E
1625310455-8,https://en.wikipedia.org/wiki/List_of_railway_stations_in_Melbourne,Willison,https://en.wikipedia.org/wiki/Willison_railway_station,145°04′13″E
1625311012-430,https://en.wikipedia.org/wiki/List_of_railway_stations_in_Melbourne,Anstey,https://en.wikipedia.org/wiki/Anstey_railway_station,144°57′38″E
1625310769-246,https://en.wikipedia.org/wiki/List_of_railway_stations_in_Melbourne,Hoppers Crossing,https://en.wikipedia.org/wiki/Hoppers_Crossing_railway_station,144°42′04″E
1625310450-4,https://en.wikipedia.org/wiki/List_of_railway_stations_in_Melbourne,Yarraman,https://en.wikipedia.org/wiki/Yarraman_railway_station,145°11′29″E
1625310615-127,https://en.wikipedia.org/wiki/List_of_railway_stations_in_Melbourne,Parkdale,https://en.wikipedia.org/wiki/Parkdale_railway_station,37°59′35″S
1625310584-108,https://en.wikipedia.org/wiki/List_of_railway_stations_in_Melbourne,Riversdale,https://en.wikipedia.org/wiki/Riversdale_railway_station,145°04′11″E
1625310960-392,https://en.wikipedia.org/wiki/List_of_railway_stations_in_Melbourne,Box Hill,"https://en.wikipedia.org/wiki/Box_Hill_railway_station,_Melbourne",145°07′17″E
1625310604-119,https://en.wikipedia.org/wiki/List_of_railway_stations_in_Melbourne,Prahran,https://en.wikipedia.org/wiki/Prahran_railway_station,37°50′58″S
1625310548-79,https://en.wikipedia.org/wiki/List_of_railway_stations_in_Melbourne,South Morang,https://en.wikipedia.org/wiki/South_Morang_railway_station,37°38′57″S
1625310884-334,https://en.wikipedia.org/wiki/List_of_railway_stations_in_Melbourne,Diamond Creek,https://en.wikipedia.org/wiki/Diamond_Creek_railway_station,145°09′31″E
1625310759-237,https://en.wikipedia.org/wiki/List_of_railway_stations_in_Melbourne,Ivanhoe,"https://en.wikipedia.org/wiki/Ivanhoe_railway_station,_Melbourne",37°46′08″S
1625310926-366,https://en.wikipedia.org/wiki/List_of_railway_stations_in_Melbourne,Chelsea,"https://en.wikipedia.org/wiki/Chelsea_railway_station,_Melbourne",145°06′57″E
1625310534-70,https://en.wikipedia.org/wiki/List_of_railway_stations_in_Melbourne,Springvale,https://en.wikipedia.org/wiki/Springvale_railway_station,145°09′11″E
1625310737-221,https://en.wikipedia.org/wiki/List_of_railway_stations_in_Melbourne,Keon Park,https://en.wikipedia.org/wiki/Keon_Park_railway_station,37°41′41″S
1625311001-422,https://en.wikipedia.org/wiki/List_of_railway_stations_in_Melbourne,Aspendale,https://en.wikipedia.org/wiki/Aspendale_railway_station,145°06′07″E
1625310700-193,https://en.wikipedia.org/wiki/List_of_railway_stations_in_Melbourne,Merinda Park,https://en.wikipedia.org/wiki/Merinda_Park_railway_station,38°04′48″S
1625310748-230,https://en.wikipedia.org/wiki/List_of_railway_stations_in_Melbourne,Jordanville,https://en.wikipedia.org/wiki/Jordanville_railway_station,145°06′43″E
1625310824-287,https://en.wikipedia.org/wiki/List_of_railway_stations_in_Melbourne,Glen Iris,https://en.wikipedia.org/wiki/Glen_Iris_railway_station,37°51′33″S
1625310780-253,https://en.wikipedia.org/wiki/List_of_railway_stations_in_Melbourne,Heidelberg,https://en.wikipedia.org/wiki/Heidelberg_railway_station,37°45′26″S
1625310777-251,https://en.wikipedia.org/wiki/List_of_railway_stations_in_Melbourne,Heyington,https://en.wikipedia.org/wiki/Heyington_railway_station,37°50′05″S
1625311006-426,https://en.wikipedia.org/wiki/List_of_railway_stations_in_Melbourne,Ascot Vale,https://en.wikipedia.org/wiki/Ascot_Vale_railway_station,144°55′19″E
1625310628-137,https://en.wikipedia.org/wiki/List_of_railway_stations_in_Melbourne,Oak Park,https://en.wikipedia.org/wiki/Oak_Park_railway_station,37°43′04″S
